{
 "simVersion": "1.13822",
 "path": "tyres",
 "config": {
  "name": "Pacejka 5.2",
  "front": {
   "sideDefinition": "Left",
   "rUnloaded": 0.354634464105135,
   "vLowSpeed": 1,
   "radiusEquations": {
    "name": "Pirelli",
    "loadedRadius": {
     "p1": 8.25662727200251,
     "a1": -0.000214575935881616,
     "a2": 0.171660748526538,
     "a3": 200.066888273033,
     "c1": -0.0933981574647419,
     "f1": -0.000454037754485714,
     "b1": -0.0000480879526475442,
     "b2": 0.0115132016356622
    },
    "rollingRadius": {
     "A": -0.025,
     "B": 0.045,
     "D": 5.5e-7,
     "E": -1.3e-9,
     "F": 1.25
    }
   },
   "rollingResistance": {
    "name": "Canopy equation",
    "kRollingResistance": 78.96069
   },
   "DIMENSION": {
    "WIDTH": 0.275
   },
   "VERTICAL": {
    "FNOMIN": 4000
   },
   "SCALING_COEFFICIENTS": {
    "LFZ0": 1,
    "LCX": 1,
    "LMUX": 1.33,
    "LEX": 1,
    "LKX": 0.81,
    "LHX": 0,
    "LVX": 0,
    "LGAX": 1,
    "LCY": 1,
    "LMUY": 0.95,
    "LEY": 1,
    "LKY": 1.7,
    "LHY": 0,
    "LVY": 0,
    "LGAY": 1,
    "LTR": 2.68,
    "LGAZ": 0,
    "LXAL": 1,
    "LYKA": 1,
    "LVYKA": 1,
    "LS": 1
   },
   "LONGITUDINAL_COEFFICIENTS": {
    "PCX1": 1.6031813,
    "PDX1": 1.569947403,
    "PDX2": -0.04315,
    "PDX3": 5.370921415,
    "PEX1": 0.738587,
    "PEX2": -0.227979,
    "PEX3": 0.10435,
    "PEX4": -0.0901435,
    "PKX1": 56.5,
    "PKX2": 22,
    "PKX3": -0.5,
    "PHX1": 0.00023,
    "PHX2": -0.000439,
    "PVX1": -0.0194872,
    "PVX2": 0.0360446,
    "RBX1": 37.581,
    "RBX2": -30.117,
    "RCX1": 0.79382,
    "REX1": -0.234215562,
    "REX2": -0.409810315,
    "RHX1": -0.003189203
   },
   "LATERAL_COEFFICIENTS": {
    "PCY1": 1.514744564,
    "PDY1": 1.651542237,
    "PDY2": -0.15,
    "PDY3": 5.168898118,
    "PEY1": -2.452272707,
    "PEY2": -4.493166758,
    "PEY3": 0,
    "PEY4": 0,
    "PKY1": -21.64681592,
    "PKY2": 0.75,
    "PKY3": 0,
    "PHY1": 0.003052596,
    "PHY2": -0.000746,
    "PHY3": 0.033733079,
    "PVY1": -0.03,
    "PVY2": 0,
    "PVY3": -1.632932534,
    "PVY4": 0.789350596,
    "RBY1": 17.84366277,
    "RBY2": 24.24887439,
    "RBY3": 0.003881303,
    "RCY1": 1.549828926,
    "REY1": 1.04721152,
    "REY2": 0.012724572,
    "RHY1": 0,
    "RHY2": 0.017549372,
    "RVY1": 0.0004986,
    "RVY2": -0.032066,
    "RVY3": -0.6414,
    "RVY4": 27.08,
    "RVY5": 1.9,
    "RVY6": -33.146
   },
   "ALIGNING_COEFFICIENTS": {
    "QBZ1": 20,
    "QBZ2": -0.873078491,
    "QBZ3": 0.10148022,
    "QBZ4": -0.005606876,
    "QBZ5": -0.003058976,
    "QBZ9": 26.31082801,
    "QBZ10": 0.004484982,
    "QCZ1": 1.000414254,
    "QDZ1": 0.178666743,
    "QDZ2": 0.0411,
    "QDZ3": 0.438401734,
    "QDZ4": -20.34039021,
    "QDZ6": -0.020246687,
    "QDZ7": -0.009572296,
    "QDZ8": -1.5636834585,
    "QDZ9": -0.288883112,
    "QEZ1": -5.139831631,
    "QEZ2": -0.703704805,
    "QEZ3": 0.0035706,
    "QEZ4": 0.078645971,
    "QEZ5": -11.547089,
    "QHZ1": -0.007713349,
    "QHZ2": 0.003825159,
    "QHZ3": 0.195694336,
    "QHZ4": -0.037889988,
    "SSZ1": 0.039126908,
    "SSZ2": 0.001432883,
    "SSZ3": 0.274205088,
    "SSZ4": 0.425979371
   },
   "rGripFactor": 1,
   "cVerticalDamping": 2000
  },
  "rear": {
   "sideDefinition": "Left",
   "rUnloaded": 0.352777877614942,
   "vLowSpeed": 1,
   "radiusEquations": {
    "name": "Pirelli",
    "loadedRadius": {
     "p1": 9.07921692130409,
     "a1": -0.000153798069036031,
     "a2": 0.123038455246774,
     "a3": 115,
     "c1": -0.46567661494418,
     "f1": -0.000356888115918561,
     "b1": -0.0000139415934937961,
     "b2": -0.00413808304072278
    },
    "rollingRadius": {
     "A": -0.025,
     "B": 0.045,
     "D": 5.5e-7,
     "E": -1.3e-9,
     "F": 1.25
    }
   },
   "rollingResistance": {
    "name": "Canopy equation",
    "kRollingResistance": 78.96069
   },
   "DIMENSION": {
    "WIDTH": 0.325
   },
   "VERTICAL": {
    "FNOMIN": 4000
   },
   "SCALING_COEFFICIENTS": {
    "LFZ0": 1,
    "LCX": 0.7,
    "LMUX": 1.2,
    "LEX": 0.25,
    "LKX": 1,
    "LHX": 0,
    "LVX": 0,
    "LGAX": 1,
    "LCY": 1.5,
    "LMUY": 0.94,
    "LEY": 1,
    "LKY": 0.35,
    "LHY": 0,
    "LVY": 0,
    "LGAY": 1,
    "LTR": 1,
    "LGAZ": 1,
    "LXAL": 1,
    "LYKA": 0.7125,
    "LVYKA": 1,
    "LS": 1
   },
   "LONGITUDINAL_COEFFICIENTS": {
    "PCX1": 1.6031813,
    "PDX1": 1.569947403,
    "PDX2": -0.04315,
    "PDX3": 5.370921415,
    "PEX1": 0.738587,
    "PEX2": -0.227979,
    "PEX3": 0.10435,
    "PEX4": -0.0901435,
    "PKX1": 56.5,
    "PKX2": 22,
    "PKX3": -0.5,
    "PHX1": 0.00023,
    "PHX2": -0.000439,
    "PVX1": -0.0194872,
    "PVX2": 0.0360446,
    "RBX1": 23,
    "RBX2": -30.117,
    "RCX1": 1.05,
    "REX1": -0.5,
    "REX2": -0.409810315,
    "RHX1": -0.003189203
   },
   "LATERAL_COEFFICIENTS": {
    "PCY1": 1.3,
    "PDY1": 1.7253,
    "PDY2": -0.2,
    "PDY3": 8.377519547,
    "PEY1": 0.1,
    "PEY2": -1,
    "PEY3": 0,
    "PEY4": 0,
    "PKY1": -85,
    "PKY2": 1.5,
    "PKY3": 0,
    "PHY1": -0.00026,
    "PHY2": 0.001479868,
    "PHY3": 0.248268044,
    "PVY1": 0,
    "PVY2": 0,
    "PVY3": -1.175571182,
    "PVY4": 0.321420847,
    "RBY1": 20,
    "RBY2": 9.485482273,
    "RBY3": 0.006285452,
    "RCY1": 0.95,
    "REY1": 0.1,
    "REY2": 0.388552158,
    "RHY1": 0.000294,
    "RHY2": 0.000883,
    "RVY1": -0.0030726,
    "RVY2": -0.0238,
    "RVY3": -0.9048,
    "RVY4": 19.605,
    "RVY5": 1.9,
    "RVY6": -21.947
   },
   "ALIGNING_COEFFICIENTS": {
    "QBZ1": 2.751930445,
    "QBZ2": -1.52567909,
    "QBZ3": 2.568761467,
    "QBZ4": 0.255339718,
    "QBZ5": 0.426021296,
    "QBZ9": 27.86772288,
    "QBZ10": 0,
    "QCZ1": 0.997371254,
    "QDZ1": 0.159330518,
    "QDZ2": 0.00348,
    "QDZ3": 0.752072241,
    "QDZ4": -34.25740727,
    "QDZ6": 0.0000268,
    "QDZ7": 0.001505546,
    "QDZ8": -2.452515238,
    "QDZ9": -0.867866722,
    "QEZ1": -109,
    "QEZ2": -6.174358032,
    "QEZ3": 0,
    "QEZ4": -0.318468909,
    "QEZ5": -8.688020985,
    "QHZ1": -0.005588326,
    "QHZ2": 0.011592636,
    "QHZ3": -0.029235046,
    "QHZ4": -0.000335,
    "SSZ1": 0.002917867,
    "SSZ2": 0.023819227,
    "SSZ3": 1.912664108,
    "SSZ4": -1.178882994
   },
   "rGripFactor": 1,
   "cVerticalDamping": 2000,
   "rGripFactorLongitudinal": 1.1
  },
  "rGripFactor": 1,
  "rGripBalanceUserOffset": 0
 }
}