{
 "simVersion": "1.13182",
 "path": "tyres",
 "config": {
  "name": "Pacejka 5.2",
  "front": {
   "sideDefinition": "Left",
   "rUnloaded": 0.275,
   "vLowSpeed": 1,
   "radiusEquations": {
    "name": "Pirelli",
    "loadedRadius": {
     "p1": 4.7,
     "a1": -0.0003,
     "a2": 0.17,
     "a3": 101,
     "c1": 0,
     "f1": 0,
     "b1": -0.000025,
     "b2": -0.01
    },
    "rollingRadius": {
     "A": 0,
     "B": 0,
     "D": 0,
     "E": 0,
     "F": 0
    }
   },
   "rollingResistance": {
    "name": "Pacejka equation",
    "LMY": 1,
    "QSY1": 0.01,
    "QSY2": 0,
    "QSY3": 0,
    "QSY4": 0,
    "QSY5": 0,
    "QSY6": 0,
    "QSY7": 1,
    "QSY8": 0,
    "VRef": 36.11,
    "Fz0": 1471
   },
   "DIMENSION": {
    "WIDTH": 0.2
   },
   "VERTICAL": {
    "FNOMIN": 1471
   },
   "SCALING_COEFFICIENTS": {
    "LFZ0": 1,
    "LCX": 1,
    "LMUX": 1,
    "LEX": 1,
    "LKX": 1,
    "LHX": 1,
    "LVX": 1,
    "LGAX": 1,
    "LCY": 1,
    "LMUY": 1,
    "LEY": 1,
    "LKY": 0.65,
    "LHY": 1,
    "LVY": 1,
    "LGAY": 1,
    "LTR": 1.8,
    "LGAZ": 1,
    "LXAL": 1,
    "LYKA": 1,
    "LVYKA": 1,
    "LS": 1
   },
   "LONGITUDINAL_COEFFICIENTS": {
    "PCX1": 1.6213,
    "PDX1": 2.2252,
    "PDX2": -0.1993,
    "PDX3": 9.158,
    "PEX1": -0.1789,
    "PEX2": 0.20398,
    "PEX3": 0.5239,
    "PEX4": 0.1152,
    "PKX1": 61.24,
    "PKX2": 1.884,
    "PKX3": 0.24066,
    "PHX1": 0.0009645,
    "PHX2": -0.001736,
    "PVX1": 0.05697,
    "PVX2": 0.05724,
    "RBX1": 17.437,
    "RBX2": -20.18,
    "RCX1": 1.1831,
    "REX1": -0.01685,
    "REX2": -0.30525,
    "RHX1": 0.0032747,
    "bAllowLongitudinalTyreShifts": true
   },
   "LATERAL_COEFFICIENTS": {
    "PCY1": 1.4793,
    "PDY1": 1.989,
    "PDY2": -0.261127,
    "PDY3": 11.443,
    "PEY1": -0.33306,
    "PEY2": -1.0364,
    "PEY3": 0.21153,
    "PEY4": -9.739,
    "PKY1": -89.36,
    "PKY2": 2.7344,
    "PKY3": 0.485,
    "PHY1": 0.0003723,
    "PHY2": 0.00022488,
    "PHY3": 0.02724,
    "PVY1": -0.03772,
    "PVY2": 0.039494,
    "PVY3": -2.2098,
    "PVY4": -0.6265,
    "RBY1": 16.37,
    "RBY2": 22.585,
    "RBY3": 0.0015495,
    "RCY1": 1.593,
    "REY1": 1.02,
    "REY2": -0.013006,
    "RHY1": -0.000998,
    "RHY2": -0.000004531,
    "RVY1": 0.00010635,
    "RVY2": 0.011263,
    "RVY3": -0.8584,
    "RVY4": 42.46,
    "RVY5": 1.9,
    "RVY6": -29.077
   },
   "ALIGNING_COEFFICIENTS": {
    "QBZ1": 21.67,
    "QBZ2": -10,
    "QBZ3": 10,
    "QBZ4": -0.8619,
    "QBZ5": 6.646,
    "QBZ9": 4.7075,
    "QBZ10": 0,
    "QCZ1": 1.495,
    "QDZ1": 0.08667,
    "QDZ2": -0.01889,
    "QDZ3": 0.3032,
    "QDZ4": 44.53,
    "QDZ6": -0.16766,
    "QDZ7": 0.1599,
    "QDZ8": -1.2922,
    "QDZ9": -0.21612,
    "QEZ1": -0.02,
    "QEZ2": -0.006,
    "QEZ3": 0,
    "QEZ4": 4.319,
    "QEZ5": -925.2,
    "QHZ1": -0.02027,
    "QHZ2": 0.03236,
    "QHZ3": -0.04391,
    "QHZ4": 0.10775,
    "SSZ1": -0.03324,
    "SSZ2": 0.024586,
    "SSZ3": 1.9725,
    "SSZ4": -0.4988
   },
   "rGripFactor": 1,
   "cVerticalDamping": 1000,
   "rGripFactorLateral": 0.864,
   "rGripFactorLongitudinal": 0.8,
   "pInflation": 150000,
   "OVERTURNING_COEFFICIENTS": {
    "QSX1": 0.016506,
    "QSX2": 1.7774,
    "QSX3": -0.012547
   }
  },
  "rear": {
   "sideDefinition": "Left",
   "rUnloaded": 0.285,
   "vLowSpeed": 1,
   "radiusEquations": {
    "name": "Pirelli",
    "loadedRadius": {
     "p1": 4.7,
     "a1": -0.00009,
     "a2": 0.1,
     "a3": 101,
     "c1": 0,
     "f1": 0,
     "b1": 0,
     "b2": -0.01
    },
    "rollingRadius": {
     "A": 0,
     "B": 0,
     "D": 0,
     "E": 0,
     "F": 0
    }
   },
   "rollingResistance": {
    "name": "Pacejka equation",
    "LMY": 1,
    "QSY1": 0.01,
    "QSY2": 0,
    "QSY3": 0,
    "QSY4": 0,
    "QSY5": 0,
    "QSY6": 0,
    "QSY7": 1,
    "QSY8": 0,
    "VRef": 36.11,
    "Fz0": 1471
   },
   "DIMENSION": {
    "WIDTH": 0.25
   },
   "VERTICAL": {
    "FNOMIN": 1471
   },
   "SCALING_COEFFICIENTS": {
    "LFZ0": 1,
    "LCX": 1,
    "LMUX": 1,
    "LEX": 1,
    "LKX": 1,
    "LHX": 1,
    "LVX": 1,
    "LGAX": 1,
    "LCY": 1,
    "LMUY": 1,
    "LEY": 1,
    "LKY": 0.88,
    "LHY": 1,
    "LVY": 1,
    "LGAY": 1,
    "LTR": 1,
    "LGAZ": 1,
    "LXAL": 1,
    "LYKA": 1,
    "LVYKA": 1,
    "LS": 1
   },
   "LONGITUDINAL_COEFFICIENTS": {
    "PCX1": 1.6447,
    "PDX1": 2.335,
    "PDX2": -0.2941,
    "PDX3": 5.017,
    "PEX1": -0.02589,
    "PEX2": 0.189,
    "PEX3": -0.085,
    "PEX4": 2.2608,
    "PKX1": 70.29,
    "PKX2": 55.86,
    "PKX3": -0.5782,
    "PHX1": 0.001827,
    "PHX2": -0.0025,
    "PVX1": -0.008612,
    "PVX2": 0.0934,
    "RBX1": 22.93,
    "RBX2": -26.765,
    "RCX1": 0.8755,
    "REX1": -3.508,
    "REX2": 0.17703,
    "RHX1": 0.003594,
    "bAllowLongitudinalTyreShifts": true 
   },
   "LATERAL_COEFFICIENTS": {
    "PCY1": 1.581,
    "PDY1": 2.0113,
    "PDY2": -0.25476,
    "PDY3": 2.606,
    "PEY1": 0.013162,
    "PEY2": -0.06487,
    "PEY3": -2.448,
    "PEY4": -144.45,
    "PKY1": -252.97,
    "PKY2": 7.43,
    "PKY3": 1.541,
    "PHY1": 0.0004738,
    "PHY2": -0.00002105,
    "PHY3": 0.0245,
    "PVY1": -0.02013,
    "PVY2": 0.013286,
    "PVY3": -2.124,
    "PVY4": -1.3883,
    "RBY1": 18.986,
    "RBY2": 27.98,
    "RBY3": 0.003364,
    "RCY1": 1.5648,
    "REY1": 1.0052,
    "REY2": -0.031744,
    "RHY1": 0.0016165,
    "RHY2": -0.0001525,
    "RVY1": 0.008942,
    "RVY2": 0.004989,
    "RVY3": -0.6547,
    "RVY4": 35.11,
    "RVY5": 1.9,
    "RVY6": -26.93
   },
   "ALIGNING_COEFFICIENTS": {
    "QBZ1": 22.627,
    "QBZ2": -16.785,
    "QBZ3": 13.88,
    "QBZ4": -2.8197,
    "QBZ5": 8.912,
    "QBZ9": -6.757,
    "QBZ10": 0,
    "QCZ1": 1.5023,
    "QDZ1": 0.07685,
    "QDZ2": -0.03612,
    "QDZ3": -0.9418,
    "QDZ4": 92.3,
    "QDZ6": -0.15335,
    "QDZ7": 0.15637,
    "QDZ8": -1.8213,
    "QDZ9": 0.5083,
    "QEZ1": -0.05098,
    "QEZ2": -0.006234,
    "QEZ3": 0,
    "QEZ4": 1.0554,
    "QEZ5": -298.15,
    "QHZ1": -0.02039,
    "QHZ2": 0.03486,
    "QHZ3": -0.04162,
    "QHZ4": 0.1717,
    "SSZ1": -0.019164,
    "SSZ2": 0.02994,
    "SSZ3": 2.938,
    "SSZ4": -1.0516
   },
   "rGripFactor": 1,
   "cVerticalDamping": 1000,
   "rGripFactorLateral": 0.82,
   "rGripFactorLongitudinal": 0.738,
   "pInflation": 150000,
   "OVERTURNING_COEFFICIENTS": {
    "QSX1": 0.013094,
    "QSX2": 2.7193,
    "QSX3": -0.020495
   }
  },
  "rGripFactor": 1,
  "rGripBalanceUserOffset": 0
 }
}