{
  "simVersion": "1.13182",
  "path": "tyres",
  "config": {
    "name": "Pacejka 5.2",
    "front": {
      "sideDefinition": "Right",
      "rUnloaded": 0.315,
      "vLowSpeed": 1,
      "radiusEquations": {
        "name": "Pirelli",
        "loadedRadius": {
          "p1": 6.613,
          "a1": 0.0003,
          "a2": 0,
          "a3": 179.22,
          "c1": 0,
          "f1": 0,
          "b1": -5e-05,
          "b2": 0
        },
        "rollingRadius": {
          "A": -0.025,
          "B": 0.045,
          "D": 5.5e-07,
          "E": -1.3e-09,
          "F": 1.25
        }
      },
      "rollingResistance": {
        "name": "Pacejka equation",
        "LMY": 1,
        "QSY1": 0.01,
        "QSY2": 0,
        "QSY3": 0,
        "QSY4": 0,
        "QSY5": 0,
        "QSY6": 0,
        "QSY7": 1,
        "QSY8": 0,
        "VRef": 27.78,
        "Fz0": 4000
      },
      "DIMENSION": {
        "WIDTH": 0.25
      },
      "VERTICAL": {
        "FNOMIN": 4000
      },
      "SCALING_COEFFICIENTS": {
        "LFZ0": 1,
        "LCX": 1,
        "LMUX": 0.95,
        "LEX": 1,
        "LKX": 1,
        "LHX": 1,
        "LVX": 1,
        "LGAX": 1,
        "LCY": 1.55,
        "LMUY": 0.73,
        "LEY": 10,
        "LKY": 1.05,
        "LHY": 1,
        "LVY": 1,
        "LGAY": 1,
        "LTR": 1.0,
        "LGAZ": 1,
        "LXAL": 1,
        "LYKA": 1,
        "LVYKA": 1,
        "LS": 1
      },
      "LONGITUDINAL_COEFFICIENTS": {
        "PCX1": 1.774195346,
        "PDX1": 1.8521600442,
        "PDX2": -0.2873014452,
        "PDX3": 0.4,
        "PEX1": 0.6175422113,
        "PEX2": -0.1770153619,
        "PEX3": 0.1301812431,
        "PEX4": -0.0942284986,
        "PKX1": 61.2099602585,
        "PKX2": -15,
        "PKX3": 0.1364779106,
        "PHX1": -0.0004339964,
        "PHX2": -0.0017277125,
        "PVX1": -0.01,
        "PVX2": 0.0448635842,
        "RBX1": 4.25,
        "RBX2": 5.5,
        "RCX1": 0.98,
        "REX1": -1,
        "REX2": 0.5,
        "RHX1": 0.0046810575,
        "bAllowLongitudinalTyreShifts": true
      },
      "LATERAL_COEFFICIENTS": {
        "PCY1": 1.05,
        "PDY1": 2.30011319729,
        "PDY2": -0.4,
        "PDY3": 1.9492578659,
        "PEY1": -0.450495598,
        "PEY2": 0.25,
        "PEY3": -0.0066138497,
        "PEY4": -0.9157740341,
        "PKY1": -30,
        "PKY2": 3,
        "PKY3": 0.2381215036,
        "PHY1": 0.0006383213,
        "PHY2": -0.0003972693,
        "PHY3": 0.01,
        "PVY1": -0.0289773315,
        "PVY2": 0.0565310734,
        "PVY3": -2.879917182,
        "PVY4": 1.0718244104,
        "RBY1": 37.8,
        "RBY2": 3.5,
        "RBY3": -0.0455768116,
        "RCY1": 1.14,
        "REY1": 0.9,
        "REY2": 0.1,
        "RHY1": 0.0012634776,
        "RHY2": 0.000921182,
        "RVY1": 0.0103316989,
        "RVY2": -0.0005507464,
        "RVY3": 1.0709625102,
        "RVY4": 100,
        "RVY5": 1.9,
        "RVY6": 25
      },
      "ALIGNING_COEFFICIENTS": {
        "QBZ1": 10.0059208376,
        "QBZ2": -2.133850518,
        "QBZ3": -11.8322598223,
        "QBZ4": -0.1291728225,
        "QBZ5": 0.1215558977,
        "QBZ9": 45.8979934029,
        "QBZ10": 1.4875530593,
        "QCZ1": 1.3187900653,
        "QDZ1": 0.1671342743,
        "QDZ2": 0,
        "QDZ3": 0.1422948589,
        "QDZ4": -8.612914774,
        "QDZ6": -0.0378835541,
        "QDZ7": 0.0134552682,
        "QDZ8": -1.2164488116,
        "QDZ9": -0.1892179507,
        "QEZ1": -0.3912219742,
        "QEZ2": 2.3423920589,
        "QEZ3": -15.4658098232,
        "QEZ4": 0.1073508343,
        "QEZ5": -7.8717178598,
        "QHZ1": 0.0243372275,
        "QHZ2": -0.0129197591,
        "QHZ3": -0.0914537706,
        "QHZ4": 0.324665637,
        "SSZ1": -0.0575851991,
        "SSZ2": -0.0004309029,
        "SSZ3": 0.8920476535,
        "SSZ4": -0.4809539848
      },
      "rGripFactor": 0.96,
      "cVerticalDamping": 1000,
      "rGripFactorLateral": 0.864,
      "rGripFactorLongitudinal": 0.8,
      "pInflation": 150000,
      "OVERTURNING_COEFFICIENTS": {
        "QSX1": 0.0662859792,
        "QSX2": 1,
        "QSX3": -0.0018333116
      }
    },
    "rear": {
      "sideDefinition": "Right",
      "rUnloaded": 0.316,
      "vLowSpeed": 1,
      "radiusEquations": {
        "name": "Pirelli",
        "loadedRadius": {
          "p1": 8.32,
          "a1": 0,
          "a2": 0,
          "a3": 169,
          "c1": 0,
          "f1": 0,
          "b1": -6e-05,
          "b2": 0
        },
        "rollingRadius": {
          "A": -0.025,
          "B": 0.045,
          "D": 5.5e-07,
          "E": -1.3e-09,
          "F": 1.25
        }
      },
      "rollingResistance": {
        "name": "Pacejka equation",
        "LMY": 1,
        "QSY1": 0.01,
        "QSY2": 0,
        "QSY3": 0,
        "QSY4": 0,
        "QSY5": 0,
        "QSY6": 0,
        "QSY7": 1,
        "QSY8": 0,
        "VRef": 27.78,
        "Fz0": 4000
      },
      "DIMENSION": {
        "WIDTH": 0.286
      },
      "VERTICAL": {
        "FNOMIN": 4000
      },
      "SCALING_COEFFICIENTS": {
        "LFZ0": 1,
        "LCX": 1,
        "LMUX": 0.95,
        "LEX": 1,
        "LKX": 1,
        "LHX": 1,
        "LVX": 1,
        "LGAX": 1,
        "LCY": 1.4,
        "LMUY": 0.93,
        "LEY": 6.5,
        "LKY": 1.25,
        "LHY": 1,
        "LVY": 1,
        "LGAY": 1,
        "LTR": 1,
        "LGAZ": 1,
        "LXAL": 1,
        "LYKA": 1,
        "LVYKA": 1,
        "LS": 1
      },
      "LONGITUDINAL_COEFFICIENTS": {
        "PCX1": 1.6715368167,
        "PDX1": 1.9255550075,
        "PDX2": -0.2645417189,
        "PDX3": 0.4,
        "PEX1": 0.6208081288,
        "PEX2": -0.2021340244,
        "PEX3": 0.1330357864,
        "PEX4": -0.0589227538,
        "PKX1": 60.142494019,
        "PKX2": 15,
        "PKX3": -0.182004049,
        "PHX1": -0.0003826125,
        "PHX2": -0.0009006546,
        "PVX1": -0.01,
        "PVX2": 0.0188813176,
        "RBX1": 4.25,
        "RBX2": 6,
        "RCX1": 0.98,
        "REX1": -1.7,
        "REX2": 0.15,
        "RHX1": 0.0055027531,
        "bAllowLongitudinalTyreShifts": true
      },
      "LATERAL_COEFFICIENTS": {
        "PCY1": 1.05,
        "PDY1": 1.9491970382,
        "PDY2": -0.7,
        "PDY3": 1.2515034532,
        "PEY1": -0.2073954979,
        "PEY2": 0.25,
        "PEY3": -0.0558541084,
        "PEY4": -1.1967156647,
        "PKY1": -34.5,
        "PKY2": 2.5,
        "PKY3": 0.4485066896,
        "PHY1": 0.0022935188,
        "PHY2": 0.0016165842,
        "PHY3": 0.01,
        "PVY1": -0.0304704207,
        "PVY2": 0.0525103712,
        "PVY3": -3,
        "PVY4": -0.0723770236,
        "RBY1": 37.8,
        "RBY2": 4,
        "RBY3": 0.0364024751,
        "RCY1": 1.12,
        "REY1": 0.9,
        "REY2": 0.11,
        "RHY1": 0.0008299699,
        "RHY2": 0.0006773217,
        "RVY1": -0.0043820526,
        "RVY2": -0.008197975,
        "RVY3": 1.4092527442,
        "RVY4": 98.7597641279,
        "RVY5": 1.9,
        "RVY6": 25
      },
      "ALIGNING_COEFFICIENTS": {
        "QBZ1": 11.4430857391,
        "QBZ2": -2.1981203583,
        "QBZ3": -13.9468866968,
        "QBZ4": 0.1313939297,
        "QBZ5": 0.1022296225,
        "QBZ9": 15.4401259216,
        "QBZ10": -0.0624695658,
        "QCZ1": 1.3102519948,
        "QDZ1": 0.1571434742,
        "QDZ2": -0.025621637,
        "QDZ3": 0.0975455397,
        "QDZ4": -17.5538867207,
        "QDZ6": -0.0152693629,
        "QDZ7": -0.0073572943,
        "QDZ8": -1.3201379682,
        "QDZ9": -0.5544652917,
        "QEZ1": -0.0600789436,
        "QEZ2": 0.8315337061,
        "QEZ3": -11.5784648513,
        "QEZ4": -0.1984048757,
        "QEZ5": -6.0158704762,
        "QHZ1": 0.0290172082,
        "QHZ2": -0.0219348241,
        "QHZ3": -0.0227187892,
        "QHZ4": 0.0594247645,
        "SSZ1": -0.0634711763,
        "SSZ2": 0.0320431519,
        "SSZ3": 1.4908765269,